{"cameraMode":{"drawMode":0,"name":"Shaded","section":"Shading Mode"},"sceneLighting":false,"audioPlay":false,"sceneViewState":{"m_AlwaysRefresh":false,"showFog":true,"showSkybox":false,"showFlares":true,"showImageEffects":true,"showParticleSystems":true,"showVisualEffectGraphs":true,"m_FxEnabled":true},"in2DMode":false,"pivot":{"x":0.8997533321380615,"y":-0.36580753326416018,"z":0.17926430702209474},"rotation":{"x":-0.4768507182598114,"y":0.3857634663581848,"z":-0.2449871003627777,"w":-0.7508600354194641},"size":2.7247447967529299,"orthographic":false}