{"cameraMode":{"drawMode":0,"name":"Shaded","section":"Shading Mode"},"sceneLighting":true,"audioPlay":false,"sceneViewState":{"m_AlwaysRefresh":false,"showFog":true,"showSkybox":true,"showFlares":true,"showImageEffects":true,"showParticleSystems":true,"showVisualEffectGraphs":true,"m_FxEnabled":true},"in2DMode":false,"pivot":{"x":-4.6667985916137699,"y":1.2204217910766602,"z":-0.2564249038696289},"rotation":{"x":-0.43651092052459719,"y":0.07324755936861038,"z":-0.035760682076215747,"w":-0.8960753679275513},"size":7.192504405975342,"orthographic":false}