{"cameraMode":{"drawMode":0,"name":"Shaded","section":"Shading Mode"},"sceneLighting":false,"audioPlay":false,"sceneViewState":{"m_AlwaysRefresh":false,"showFog":true,"showSkybox":false,"showFlares":true,"showImageEffects":true,"showParticleSystems":true,"showVisualEffectGraphs":true,"m_FxEnabled":true},"in2DMode":false,"pivot":{"x":-4.179999828338623,"y":1.1299999952316285,"z":1.690000057220459},"rotation":{"x":-0.27244600653648379,"y":0.049618132412433627,"z":-0.014068585820496083,"w":-0.9607971906661987},"size":2.0660252571105959,"orthographic":false}