{"cameraMode":{"drawMode":0,"name":"Shaded","section":"Shading Mode"},"sceneLighting":false,"audioPlay":false,"sceneViewState":{"m_AlwaysRefresh":false,"showFog":true,"showSkybox":false,"showFlares":true,"showImageEffects":true,"showParticleSystems":true,"showVisualEffectGraphs":true,"m_FxEnabled":true},"in2DMode":false,"pivot":{"x":-3.942662000656128,"y":1.9777212142944337,"z":1.6537590026855469},"rotation":{"x":-0.14511363208293916,"y":0.049545299261808398,"z":-0.007272009737789631,"w":-0.9881671667098999},"size":4.4660258293151859,"orthographic":false}